{"cameraMode":{"drawMode":0,"name":"Shaded","section":"Shading Mode"},"sceneLighting":true,"audioPlay":false,"sceneViewState":{"showFog":true,"showMaterialUpdate":false,"showSkybox":true,"showFlares":true,"showImageEffects":true,"showParticleSystems":true},"in2DMode":false,"pivot":{"x":-5.733226776123047,"y":-2.176030397415161,"z":9.148531913757325},"rotation":{"x":0.1834239512681961,"y":-0.38072288036346438,"z":0.07733399420976639,"w":0.9030115604400635},"size":9.293510437011719,"orthographic":false}